{"meta": {"version": "7.4.0", "timestamp": "2024-03-29T16:36:44.871511", "branch_coverage": true, "show_contexts": false}, "files": {"poly_llm/to_test/file_name_check.py": {"executed_lines": [16, 17, 18, 20, 22, 23, 24, 25, 26, 27, 29], "summary": {"covered_lines": 11, "num_statements": 15, "percent_covered": 74.07407407407408, "percent_covered_display": "74", "missing_lines": 4, "excluded_lines": 4, "num_branches": 12, "num_partial_branches": 3, "covered_branches": 9, "missing_branches": 3}, "missing_lines": [2, 19, 21, 28], "excluded_lines": [31, 32, 33, 34], "executed_branches": [[18, 20], [20, 22], [22, 23], [22, 24], [24, 25], [24, 26], [26, -26], [26, 26], [26, 27], [27, 29]], "missing_branches": [[18, 19], [20, 21], [27, 28]]}, "test_generated.py": {"executed_lines": [136, 137, 138, 139, 140, 141, 142, 143, 144], "summary": {"covered_lines": 9, "num_statements": 144, "percent_covered": 6.25, "percent_covered_display": "6", "missing_lines": 135, "excluded_lines": 0, "num_branches": 0, "num_partial_branches": 0, "covered_branches": 0, "missing_branches": 0}, "missing_lines": [1, 2, 3, 4, 5, 6, 7, 8, 9, 10, 11, 12, 13, 14, 15, 16, 17, 18, 19, 20, 21, 22, 23, 24, 25, 26, 27, 28, 29, 30, 31, 32, 33, 34, 35, 36, 37, 38, 39, 40, 41, 42, 43, 44, 45, 46, 47, 48, 49, 50, 51, 52, 53, 54, 55, 56, 57, 58, 59, 60, 61, 62, 63, 64, 65, 66, 67, 68, 69, 70, 71, 72, 73, 74, 75, 76, 77, 78, 79, 80, 81, 82, 83, 84, 85, 86, 87, 88, 89, 90, 91, 92, 93, 94, 95, 96, 97, 98, 99, 100, 101, 102, 103, 104, 105, 106, 107, 108, 109, 110, 111, 112, 113, 114, 115, 116, 117, 118, 119, 120, 121, 122, 123, 124, 125, 126, 127, 128, 129, 130, 131, 132, 133, 134, 135], "excluded_lines": [], "executed_branches": [], "missing_branches": []}}, "totals": {"covered_lines": 20, "num_statements": 159, "percent_covered": 16.95906432748538, "percent_covered_display": "17", "missing_lines": 139, "excluded_lines": 4, "num_branches": 12, "num_partial_branches": 3, "covered_branches": 9, "missing_branches": 3}}